"categoryId","createdAt","imageUrl","isActive","name","sortOrder"
"cat-bd8acdb8-f4cc-4e20-9efb-651a8305e06e","2026-07-05T08:03:07.235Z","https://cracker-app.s3.ap-south-1.amazonaws.com/categories/cat-bd8acdb8-f4cc-4e20-9efb-651a8305e06e/image/6b8048b0-db13-41d7-959d-6806efd084c5-Copilot_20260725_142358.png","true","SKY ROCKETS","15"
"cat-bd6836fc-0a7a-4236-9425-ff0b5dd0dd91","2026-07-05T08:08:47.504Z","https://cracker-app.s3.ap-south-1.amazonaws.com/categories/cat-bd6836fc-0a7a-4236-9425-ff0b5dd0dd91/image/f4de34e4-5e7c-4279-b4fa-038d64e935fc-Copilot_20260725_141758.png","true","PEACOCK SERIES","25"
"cat-12bb3f07-0803-4300-9d5a-bb165bf68410","2026-07-05T08:03:44.597Z","https://cracker-app.s3.ap-south-1.amazonaws.com/categories/cat-12bb3f07-0803-4300-9d5a-bb165bf68410/image/b713f9ad-ba03-4eed-abe9-f237f473cfa9-Copilot_20260725_142631.png","true","SOUND GARLANDS","16"
"cat-b4f715eb-cbdb-44e8-a300-a688ad364cad","2026-07-05T07:47:49.940Z","https://cracker-app.s3.ap-south-1.amazonaws.com/categories/cat-d33c4696-e063-448a-aebc-fce5fbe26d3b/image/77857d29-e33e-43df-a3c2-72f74b162a6c-test-1.png","true","ELECTRIC TAPE FUSE CRACKERS","5"
"cat-239204a6-57c7-4bdb-aca4-b9b252fba147","2026-07-05T08:07:31.587Z","https://cracker-app.s3.ap-south-1.amazonaws.com/categories/cat-1ada9e8c-1a9f-4a2d-98d6-56436f465080/image/29a8a131-4aa8-4845-8437-c3d9ce14c9b1-test-1.png","true","KIDS FOUNTAINS","23"
"cat-1300aba7-85e1-4d05-8d04-d7c57c722ef7","2026-07-05T08:09:24.940Z","https://cracker-app.s3.ap-south-1.amazonaws.com/categories/cat-562a1f93-522a-4e9e-9953-efaa1f0f6694/image/42a6f33e-eac5-4fa2-8bc9-992e34822ac0-test-2.png","true","COLOR MATCHES","27"
"cat-1a49928d-0ab7-4fbc-8fe8-758b63153d19","2026-07-05T07:45:56.616Z","https://cracker-app.s3.ap-south-1.amazonaws.com/categories/cat-145a019d-018d-4ee9-8dbc-f9693e10fc2f/image/54bc251e-8199-4267-8557-2e8788126fcb-test-1.png","true","MULTI SOUND CRACKERS","2"
"cat-ebd03d37-90ef-4079-b8ce-58fa44965c9c","2026-07-05T07:51:05.670Z","https://cracker-app.s3.ap-south-1.amazonaws.com/categories/cat-030760d7-ef3d-433a-b42d-4eec167631e3/image/bb392750-dca5-4d12-b637-605c120d5db1-test-1.png","true","DELUXE WIRE FUSE CRACKERS","6"
"cat-b439f310-800e-4b05-a01b-80b67c4d90a6","2026-07-05T07:58:30.546Z","https://cracker-app.s3.ap-south-1.amazonaws.com/categories/cat-3c0d9d85-c9bc-4748-a58a-c17cec86906f/image/0ac72938-f1da-4e7e-af44-f66a5896e702-test-1.png","true","COLOR SMOKE","13"
"cat-357f91e1-2966-4208-a623-7111cd886a6f","2026-07-05T07:59:16.736Z","https://cracker-app.s3.ap-south-1.amazonaws.com/categories/cat-6b3e6f8e-ef6d-4995-b1ac-83cd77089cbf/image/7c651b5b-2b7a-4dc8-8ca4-b654d74ad794-test-1.png","true","GUNS AND CAPS","14"
"cat-137d7460-2748-4b4d-8a24-26f78fcba6f8","2026-07-05T07:53:06.944Z","https://cracker-app.s3.ap-south-1.amazonaws.com/categories/cat-2a30217e-d58b-4fec-8bdd-c111d7c4cf42/image/eccbed70-537d-4ebe-9e5b-97d8a67a34e6-test-2.png","true","GROUND CHAKKARS","9"
"cat-c793fc09-3dd2-439f-8024-46d03fb2570f","2026-07-05T08:06:37.724Z","https://cracker-app.s3.ap-south-1.amazonaws.com/categories/cat-9f4c3ddd-fca7-4b4a-8e57-770a65e51913/image/cb7dd435-4f8d-4aeb-9ef7-6021f75038f4-test-2.png","true","KIDS SPECIAL","21"
"cat-49a58658-dac3-49fa-b1c2-09577f1a8bd3","2026-07-05T08:05:32.054Z","https://cracker-app.s3.ap-south-1.amazonaws.com/categories/cat-ed145082-8923-46fd-87e6-d696791591a0/image/6dd641aa-37dc-44ba-ac44-5affd49de4ed-test-2.png","true","SINGLE AERIAL COMET","19"
"cat-eb4f1e7a-b3cd-424d-9118-ae8b0e5f9c78","2026-07-05T08:08:16.538Z","https://cracker-app.s3.ap-south-1.amazonaws.com/categories/cat-66ff4d10-21ab-42e0-8c87-52b43e115083/image/02b44227-2a2a-41c2-8177-d8ecce49e68a-test-1.png","true","CELEBRATIVE FOUNTAINS","24"
"cat-4b8fbfa1-274d-44bc-97ab-79951dc661a0","2026-07-05T07:47:12.863Z","https://cracker-app.s3.ap-south-1.amazonaws.com/categories/cat-a0404dd9-ed47-4a69-825e-c88cb2a8cd03/image/f2f6c156-51ff-45a2-90bf-4f0e6bff3732-test-1.png","true","ELECTRIC WIRE FUSE CRACKERS","4"
"cat-e3b0f5ac-c147-4210-b3e1-dd3b35738826","2026-07-05T08:10:49.069Z","https://cracker-app.s3.ap-south-1.amazonaws.com/categories/cat-115569ea-06a5-48cb-9c25-69de5cb40340/image/8fce74ea-4de7-49a9-a189-24c2e524c640-test-1.png","true","GIFT PACKS","28"
"cat-c34b6eb2-4530-4031-bee0-5e55825010e7","2026-07-05T08:05:02.671Z","https://cracker-app.s3.ap-south-1.amazonaws.com/categories/cat-d13da806-5528-424d-b969-d6293a854eb4/image/fcd62873-602b-4387-847e-782bf8b00dbb-test-1.png","true","MULTI SHOT REPEATERS","18"
"cat-91d15624-a97c-44aa-9688-89dc88a78f43","2026-07-05T07:55:19.244Z","https://cracker-app.s3.ap-south-1.amazonaws.com/categories/cat-29ab3e65-cef7-4faa-828f-2384a4ec3d0e/image/c791d188-09a2-439a-997b-149d8064470f-test-2.png","true","PAPER BOMBS","11"
"cat-ae2c064a-67fb-4deb-bd87-fe966f05a631","2026-07-05T07:51:45.909Z","https://cracker-app.s3.ap-south-1.amazonaws.com/categories/cat-181189c5-5d3b-4431-b1de-ac5c96c27d01/image/3af1f9ae-693a-4d6e-ac78-bd0e4117821d-test-2.png","true","DELUXE TAPE FUSE CRACKERS","7"
"cat-9429d284-d038-4b28-b5af-b64caa932f10","2026-07-05T08:06:01.775Z","https://cracker-app.s3.ap-south-1.amazonaws.com/categories/cat-a82a9a69-d074-46d5-a75e-a803157ffcf7/image/94bbb700-d3ea-4b0f-b5b6-56b242914479-test-2.png","true","MULTI AERIAL COMET","20"
"cat-4b7df8e5-4e0a-49f8-a2dd-0f2b345d4222","2026-07-05T08:10:01.300Z","https://cracker-app.s3.ap-south-1.amazonaws.com/categories/cat-482219a3-a285-4d6c-8060-070efd087a79/image/49e008c3-9220-47e9-8258-557c8284abb5-test-1.png","true","COMBO PACKS","29"
"cat-e88bc9be-b972-4e07-b681-3b349b8bc246","2026-07-05T08:07:04.820Z","https://cracker-app.s3.ap-south-1.amazonaws.com/categories/cat-e09d6e3d-9985-47d0-83b0-16ff31a41ea2/image/a39bbb78-18d6-44ff-8a2d-076539338ce0-test-1.png","true","MUSICAL FOUNTAINS","22"
"cat-67ccb59e-3aa2-484d-98d9-8915a40dfa5f","2026-07-05T07:46:40.018Z","https://cracker-app.s3.ap-south-1.amazonaws.com/categories/cat-67ccb59e-3aa2-484d-98d9-8915a40dfa5f/image/67fb6253-b30d-45f5-bc85-5d076b055943-Copilot_20260802_163615.png","true","BIJILI CRACKERS","3"
"cat-1f04252a-872e-4ff0-b209-824032c3c3a7","2026-07-05T07:54:39.674Z","https://cracker-app.s3.ap-south-1.amazonaws.com/categories/cat-0d6b054b-e8d8-409f-83ee-033c34d15798/image/58c24d36-6862-47bd-a2e9-3a0a912f517a-test-1.png","true","THUNDER BOMBS","10"
"cat-27170166-7aab-4970-9e43-51cfd92d9c85","2026-07-05T07:52:30.800Z","https://cracker-app.s3.ap-south-1.amazonaws.com/categories/cat-5bd8d862-abfd-40ac-a4a4-0ec9ca3dd8b6/image/1f9e82a8-87fe-4ec7-a8f5-2bf906ad4876-test-2.png","true","FLOWER POTS","8"
"cat-dd0580e5-695a-40ed-9daa-9840ff663e49","2026-07-05T07:40:06.435Z","https://cracker-app.s3.ap-south-1.amazonaws.com/categories/cat-ad7e7359-9042-48bc-a176-fd9647105ff3/image/d577a386-dae1-4458-a486-fe629d28cd7f-test-1.png","true","SINGLE SOUND CRACKERS","1"
"cat-0ce1f84f-e513-4fe1-af4c-52751c26f45d","2026-07-05T07:56:51.482Z","https://cracker-app.s3.ap-south-1.amazonaws.com/categories/cat-1ec159d9-4627-481b-834f-318c78d56487/image/21891abf-5d7f-4862-9e12-c9823e44470a-test-1.png","true","TORCHES","12"
"cat-91eac5b9-27b8-4bd2-be81-e4ef8702fc63","2026-07-05T08:04:29.599Z","https://cracker-app.s3.ap-south-1.amazonaws.com/categories/cat-9e23e10f-8179-4ad8-b983-eed8aef33841/image/32a0255b-537c-4d71-85f9-e5cc43baf175-test-1.png","true","CELEBRATIVE SPARKLERS","17"